111669149696,METHOD_PARAMETER_IN,,int argc,10,,BY_VALUE,1,false,5,argc,,,1,,int
111669149697,METHOD_PARAMETER_IN,,char *argv[],20,,BY_VALUE,2,false,5,argv,,,2,,char[]*
111669149698,METHOD_PARAMETER_IN,,p1,,,BY_VALUE,1,false,,p1,,,1,,ANY
111669149699,METHOD_PARAMETER_IN,,p2,,,BY_VALUE,2,false,,p2,,,2,,ANY
111669149700,METHOD_PARAMETER_IN,,p1,,,BY_VALUE,1,false,,p1,,,1,,ANY
111669149701,METHOD_PARAMETER_IN,,p2,,,BY_VALUE,2,false,,p2,,,2,,ANY
111669149702,METHOD_PARAMETER_IN,,p1,,,BY_VALUE,1,false,,p1,,,1,,ANY
111669149703,METHOD_PARAMETER_IN,,p1,,,BY_VALUE,1,false,,p1,,,1,,ANY
111669149704,METHOD_PARAMETER_IN,,p2,,,BY_VALUE,2,false,,p2,,,2,,ANY
111669149705,METHOD_PARAMETER_IN,,p1,,,BY_VALUE,1,false,,p1,,,1,,ANY
111669149706,METHOD_PARAMETER_IN,,p2,,,BY_VALUE,2,false,,p2,,,2,,ANY
111669149707,METHOD_PARAMETER_IN,,p1,,,BY_VALUE,1,false,,p1,,,1,,ANY
111669149708,METHOD_PARAMETER_IN,,p2,,,BY_VALUE,2,false,,p2,,,2,,ANY
111669149709,METHOD_PARAMETER_IN,,p1,,,BY_VALUE,1,false,,p1,,,1,,ANY
111669149710,METHOD_PARAMETER_IN,,p2,,,BY_VALUE,2,false,,p2,,,2,,ANY
111669149711,METHOD_PARAMETER_IN,,p1,,,BY_VALUE,1,false,,p1,,,1,,ANY
