124554051584,METHOD_RETURN,RET,1,,BY_VALUE,5,,,4,,int
124554051585,METHOD_RETURN,RET,1,,BY_VALUE,1,,,2,,ANY
124554051586,METHOD_RETURN,RET,,,BY_VALUE,1,,,2,,ANY
124554051587,METHOD_RETURN,RET,,,BY_VALUE,,,,2,,ANY
124554051588,METHOD_RETURN,RET,,,BY_VALUE,,,,2,,ANY
124554051589,METHOD_RETURN,RET,,,BY_VALUE,,,,2,,ANY
124554051590,METHOD_RETURN,RET,,,BY_VALUE,,,,2,,ANY
124554051591,METHOD_RETURN,RET,,,BY_VALUE,,,,2,,ANY
124554051592,METHOD_RETURN,RET,,,BY_VALUE,,,,2,,ANY
124554051593,METHOD_RETURN,RET,,,BY_VALUE,,,,2,,ANY
124554051594,METHOD_RETURN,RET,,,BY_VALUE,,,,2,,ANY
